"","Date","value","zone","species","metric","creation_date"
"1","2023-04-01",8.02075442048006,"RAMP zone 3","epac","CPUE",2023-11-22
"2","2023-04-01",8.26531681819838,"RAMP zone 4","epac","CPUE",2023-11-22
"3","2023-04-02",8.02760267673537,"RAMP zone 3","epac","CPUE",2023-11-22
"4","2023-04-02",8.25845483955072,"RAMP zone 4","epac","CPUE",2023-11-22
"5","2023-04-03",7.9870259741018,"RAMP zone 3","epac","CPUE",2023-11-22
"6","2023-04-03",8.24170198829807,"RAMP zone 4","epac","CPUE",2023-11-22
"7","2023-04-04",7.94165228757747,"RAMP zone 3","epac","CPUE",2023-11-22
"8","2023-04-04",8.23976575306484,"RAMP zone 4","epac","CPUE",2023-11-22
"9","2023-04-05",7.98071074277856,"RAMP zone 3","epac","CPUE",2023-11-22
"10","2023-04-05",8.27663054174306,"RAMP zone 4","epac","CPUE",2023-11-22
"11","2023-04-06",8.00638901217039,"RAMP zone 3","epac","CPUE",2023-11-22
"12","2023-04-06",8.292642005609,"RAMP zone 4","epac","CPUE",2023-11-22
"13","2023-04-07",7.98157585013744,"RAMP zone 3","epac","CPUE",2023-11-22
"14","2023-04-07",8.28971292242712,"RAMP zone 4","epac","CPUE",2023-11-22
"15","2023-04-08",7.97816801694937,"RAMP zone 3","epac","CPUE",2023-11-22
"16","2023-04-08",8.29239763726993,"RAMP zone 4","epac","CPUE",2023-11-22
"17","2023-04-09",7.96445317393126,"RAMP zone 3","epac","CPUE",2023-11-22
"18","2023-04-09",8.29247832979475,"RAMP zone 4","epac","CPUE",2023-11-22
"19","2023-04-10",7.93238801457161,"RAMP zone 3","epac","CPUE",2023-11-22
"20","2023-04-10",8.27627619626571,"RAMP zone 4","epac","CPUE",2023-11-22
"21","2023-04-11",7.88168107839518,"RAMP zone 3","epac","CPUE",2023-11-22
"22","2023-04-11",8.272543395782,"RAMP zone 4","epac","CPUE",2023-11-22
"23","2023-04-12",7.76296876266945,"RAMP zone 3","epac","CPUE",2023-11-22
"24","2023-04-12",8.25173575732173,"RAMP zone 4","epac","CPUE",2023-11-22
"25","2023-04-13",7.56444095837515,"RAMP zone 3","epac","CPUE",2023-11-22
"26","2023-04-13",8.3202506230802,"RAMP zone 4","epac","CPUE",2023-11-22
"27","2023-04-14",7.53246364066767,"RAMP zone 3","epac","CPUE",2023-11-22
"28","2023-04-14",8.40204296258031,"RAMP zone 4","epac","CPUE",2023-11-22
"29","2023-04-15",7.51794046302174,"RAMP zone 3","epac","CPUE",2023-11-22
"30","2023-04-15",8.42870478824693,"RAMP zone 4","epac","CPUE",2023-11-22
"31","2023-04-16",7.49307785962903,"RAMP zone 3","epac","CPUE",2023-11-22
"32","2023-04-16",8.42888828102423,"RAMP zone 4","epac","CPUE",2023-11-22
"33","2023-04-17",7.48174728557121,"RAMP zone 3","epac","CPUE",2023-11-22
"34","2023-04-17",8.43102920298674,"RAMP zone 4","epac","CPUE",2023-11-22
"35","2023-04-18",7.47524749435658,"RAMP zone 3","epac","CPUE",2023-11-22
"36","2023-04-18",8.43993572799527,"RAMP zone 4","epac","CPUE",2023-11-22
"37","2023-04-19",7.47268004680789,"RAMP zone 3","epac","CPUE",2023-11-22
"38","2023-04-19",8.46119224854878,"RAMP zone 4","epac","CPUE",2023-11-22
"39","2023-04-20",7.48430494548276,"RAMP zone 3","epac","CPUE",2023-11-22
"40","2023-04-20",8.47621072701045,"RAMP zone 4","epac","CPUE",2023-11-22
"41","2023-04-21",7.49762104347695,"RAMP zone 3","epac","CPUE",2023-11-22
"42","2023-04-21",8.50366703758434,"RAMP zone 4","epac","CPUE",2023-11-22
"43","2023-04-22",7.52166688268961,"RAMP zone 3","epac","CPUE",2023-11-22
"44","2023-04-22",8.54551537182866,"RAMP zone 4","epac","CPUE",2023-11-22
"45","2023-04-23",7.55533876391344,"RAMP zone 3","epac","CPUE",2023-11-22
"46","2023-04-23",8.57307800468134,"RAMP zone 4","epac","CPUE",2023-11-22
"47","2023-04-24",7.57301959014216,"RAMP zone 3","epac","CPUE",2023-11-22
"48","2023-04-24",8.5906751175316,"RAMP zone 4","epac","CPUE",2023-11-22
"49","2023-04-25",7.58938485695872,"RAMP zone 3","epac","CPUE",2023-11-22
"50","2023-04-25",8.5857037690221,"RAMP zone 4","epac","CPUE",2023-11-22
"51","2023-04-26",7.6033531881349,"RAMP zone 3","epac","CPUE",2023-11-22
"52","2023-04-26",8.56663800453653,"RAMP zone 4","epac","CPUE",2023-11-22
"53","2023-04-27",7.59508231940658,"RAMP zone 3","epac","CPUE",2023-11-22
"54","2023-04-27",8.57106799154866,"RAMP zone 4","epac","CPUE",2023-11-22
"55","2023-04-28",7.59055313121441,"RAMP zone 3","epac","CPUE",2023-11-22
"56","2023-04-28",8.5853038274512,"RAMP zone 4","epac","CPUE",2023-11-22
"57","2023-04-29",7.60647590943547,"RAMP zone 3","epac","CPUE",2023-11-22
"58","2023-04-29",8.61946647970044,"RAMP zone 4","epac","CPUE",2023-11-22
"59","2023-04-30",7.59442815739055,"RAMP zone 3","epac","CPUE",2023-11-22
"60","2023-04-30",8.63687806226769,"RAMP zone 4","epac","CPUE",2023-11-22
"61","2023-05-01",7.59266796257607,"RAMP zone 3","epac","CPUE",2023-11-22
"62","2023-05-01",8.65659251480686,"RAMP zone 4","epac","CPUE",2023-11-22
"63","2023-05-02",7.63339481589406,"RAMP zone 3","epac","CPUE",2023-11-22
"64","2023-05-02",8.67292774745396,"RAMP zone 4","epac","CPUE",2023-11-22
"65","2023-05-03",7.66325858581898,"RAMP zone 3","epac","CPUE",2023-11-22
"66","2023-05-03",8.67458267406541,"RAMP zone 4","epac","CPUE",2023-11-22
"67","2023-05-04",7.66402020807876,"RAMP zone 3","epac","CPUE",2023-11-22
"68","2023-05-04",8.65599532978875,"RAMP zone 4","epac","CPUE",2023-11-22
"69","2023-05-05",7.6201066062894,"RAMP zone 3","epac","CPUE",2023-11-22
"70","2023-05-05",8.61825098650796,"RAMP zone 4","epac","CPUE",2023-11-22
"71","2023-05-06",7.5902779923622,"RAMP zone 3","epac","CPUE",2023-11-22
"72","2023-05-06",8.60064849975158,"RAMP zone 4","epac","CPUE",2023-11-22
"73","2023-05-07",7.58597260228423,"RAMP zone 3","epac","CPUE",2023-11-22
"74","2023-05-07",8.60822554267183,"RAMP zone 4","epac","CPUE",2023-11-22
"75","2023-05-08",7.57596303037433,"RAMP zone 3","epac","CPUE",2023-11-22
"76","2023-05-08",8.60580772307454,"RAMP zone 4","epac","CPUE",2023-11-22
"77","2023-05-09",7.57327903218048,"RAMP zone 3","epac","CPUE",2023-11-22
"78","2023-05-09",8.61115672199094,"RAMP zone 4","epac","CPUE",2023-11-22
"79","2023-05-10",7.59064750096133,"RAMP zone 3","epac","CPUE",2023-11-22
"80","2023-05-10",8.62671273083103,"RAMP zone 4","epac","CPUE",2023-11-22
"81","2023-05-11",7.59219587611598,"RAMP zone 3","epac","CPUE",2023-11-22
"82","2023-05-11",8.62739708533092,"RAMP zone 4","epac","CPUE",2023-11-22
"83","2023-05-12",7.60845120944256,"RAMP zone 3","epac","CPUE",2023-11-22
"84","2023-05-12",8.62268138394064,"RAMP zone 4","epac","CPUE",2023-11-22
"85","2023-05-13",7.60872331019058,"RAMP zone 3","epac","CPUE",2023-11-22
"86","2023-05-13",8.61381881212702,"RAMP zone 4","epac","CPUE",2023-11-22
"87","2023-05-14",7.5619216207848,"RAMP zone 3","epac","CPUE",2023-11-22
"88","2023-05-14",8.59136331932885,"RAMP zone 4","epac","CPUE",2023-11-22
"89","2023-05-15",7.47409895408985,"RAMP zone 3","epac","CPUE",2023-11-22
"90","2023-05-15",8.55657616683415,"RAMP zone 4","epac","CPUE",2023-11-22
"91","2023-05-16",7.44416320133348,"RAMP zone 3","epac","CPUE",2023-11-22
"92","2023-05-16",8.53196908186893,"RAMP zone 4","epac","CPUE",2023-11-22
"93","2023-05-17",7.45796648360962,"RAMP zone 3","epac","CPUE",2023-11-22
"94","2023-05-17",8.54532005786896,"RAMP zone 4","epac","CPUE",2023-11-22
"95","2023-05-18",7.48055960324614,"RAMP zone 3","epac","CPUE",2023-11-22
"96","2023-05-18",8.5612561846266,"RAMP zone 4","epac","CPUE",2023-11-22
"97","2023-05-19",7.49830084848543,"RAMP zone 3","epac","CPUE",2023-11-22
"98","2023-05-19",8.58655470208246,"RAMP zone 4","epac","CPUE",2023-11-22
"99","2023-05-20",7.52376351020364,"RAMP zone 3","epac","CPUE",2023-11-22
"100","2023-05-20",8.61401610715049,"RAMP zone 4","epac","CPUE",2023-11-22
"101","2023-05-21",7.56318247820749,"RAMP zone 3","epac","CPUE",2023-11-22
"102","2023-05-21",8.62101623610574,"RAMP zone 4","epac","CPUE",2023-11-22
"103","2023-05-22",7.60110124616429,"RAMP zone 3","epac","CPUE",2023-11-22
"104","2023-05-22",8.61854506329614,"RAMP zone 4","epac","CPUE",2023-11-22
"105","2023-05-23",7.61260633625437,"RAMP zone 3","epac","CPUE",2023-11-22
"106","2023-05-23",8.60510707181327,"RAMP zone 4","epac","CPUE",2023-11-22
"107","2023-05-24",7.62818072411383,"RAMP zone 3","epac","CPUE",2023-11-22
"108","2023-05-24",8.56887414516235,"RAMP zone 4","epac","CPUE",2023-11-22
"109","2023-05-25",7.63951647987719,"RAMP zone 3","epac","CPUE",2023-11-22
"110","2023-05-25",8.531891189546,"RAMP zone 4","epac","CPUE",2023-11-22
"111","2023-05-26",7.63201404137667,"RAMP zone 3","epac","CPUE",2023-11-22
"112","2023-05-26",8.5102101869425,"RAMP zone 4","epac","CPUE",2023-11-22
"113","2023-05-27",7.61952901900161,"RAMP zone 3","epac","CPUE",2023-11-22
"114","2023-05-27",8.48634136817893,"RAMP zone 4","epac","CPUE",2023-11-22
"115","2023-05-28",7.63414019419877,"RAMP zone 3","epac","CPUE",2023-11-22
"116","2023-05-28",8.46390705947973,"RAMP zone 4","epac","CPUE",2023-11-22
"117","2023-05-29",7.66321557747243,"RAMP zone 3","epac","CPUE",2023-11-22
"118","2023-05-29",8.45649520207425,"RAMP zone 4","epac","CPUE",2023-11-22
"119","2023-05-30",7.69955305170354,"RAMP zone 3","epac","CPUE",2023-11-22
"120","2023-05-30",8.42997847308918,"RAMP zone 4","epac","CPUE",2023-11-22
"121","2023-05-31",7.70780201195631,"RAMP zone 3","epac","CPUE",2023-11-22
"122","2023-05-31",8.37954355210674,"RAMP zone 4","epac","CPUE",2023-11-22
"123","2023-06-01",7.7221840885143,"RAMP zone 3","epac","CPUE",2023-11-22
"124","2023-06-01",8.32202974630862,"RAMP zone 4","epac","CPUE",2023-11-22
"125","2023-06-02",7.736307912961,"RAMP zone 3","epac","CPUE",2023-11-22
"126","2023-06-02",8.28218117234658,"RAMP zone 4","epac","CPUE",2023-11-22
"127","2023-06-03",7.75282809233596,"RAMP zone 3","epac","CPUE",2023-11-22
"128","2023-06-03",8.2748604450907,"RAMP zone 4","epac","CPUE",2023-11-22
"129","2023-06-04",7.79704885204258,"RAMP zone 3","epac","CPUE",2023-11-22
"130","2023-06-04",8.26520355514118,"RAMP zone 4","epac","CPUE",2023-11-22
"131","2023-06-05",7.83165940627196,"RAMP zone 3","epac","CPUE",2023-11-22
"132","2023-06-05",8.2497553151481,"RAMP zone 4","epac","CPUE",2023-11-22
"133","2023-06-06",7.84797952973912,"RAMP zone 3","epac","CPUE",2023-11-22
"134","2023-06-06",8.22171484104225,"RAMP zone 4","epac","CPUE",2023-11-22
"135","2023-06-07",7.85629195167661,"RAMP zone 3","epac","CPUE",2023-11-22
"136","2023-06-07",8.15117466005744,"RAMP zone 4","epac","CPUE",2023-11-22
"137","2023-06-08",7.8787878539933,"RAMP zone 3","epac","CPUE",2023-11-22
"138","2023-06-08",8.1233985837625,"RAMP zone 4","epac","CPUE",2023-11-22
"139","2023-06-09",7.88938280535039,"RAMP zone 3","epac","CPUE",2023-11-22
"140","2023-06-09",8.08457350390298,"RAMP zone 4","epac","CPUE",2023-11-22
"141","2023-06-10",7.89730730336593,"RAMP zone 3","epac","CPUE",2023-11-22
"142","2023-06-10",8.01313467658296,"RAMP zone 4","epac","CPUE",2023-11-22
"143","2023-06-11",7.92118242478301,"RAMP zone 3","epac","CPUE",2023-11-22
"144","2023-06-11",7.9685677160718,"RAMP zone 4","epac","CPUE",2023-11-22
"145","2023-06-12",7.91775456417438,"RAMP zone 3","epac","CPUE",2023-11-22
"146","2023-06-12",7.91681144718005,"RAMP zone 4","epac","CPUE",2023-11-22
"147","2023-06-13",7.9062761235549,"RAMP zone 3","epac","CPUE",2023-11-22
"148","2023-06-13",7.82226445002823,"RAMP zone 4","epac","CPUE",2023-11-22
"149","2023-06-14",7.90496297509864,"RAMP zone 3","epac","CPUE",2023-11-22
"150","2023-06-14",7.72093330809505,"RAMP zone 4","epac","CPUE",2023-11-22
"151","2023-06-15",7.92079173262383,"RAMP zone 3","epac","CPUE",2023-11-22
"152","2023-06-15",7.6513141348882,"RAMP zone 4","epac","CPUE",2023-11-22
"153","2023-06-16",7.92960377734934,"RAMP zone 3","epac","CPUE",2023-11-22
"154","2023-06-16",7.59636780461487,"RAMP zone 4","epac","CPUE",2023-11-22
"155","2023-06-17",7.91010280418058,"RAMP zone 3","epac","CPUE",2023-11-22
"156","2023-06-17",7.46296836241168,"RAMP zone 4","epac","CPUE",2023-11-22
"157","2023-06-18",7.89666835032403,"RAMP zone 3","epac","CPUE",2023-11-22
"158","2023-06-18",7.35637430766863,"RAMP zone 4","epac","CPUE",2023-11-22
"159","2023-06-19",7.90028547045103,"RAMP zone 3","epac","CPUE",2023-11-22
"160","2023-06-19",7.31512863477502,"RAMP zone 4","epac","CPUE",2023-11-22
"161","2023-06-20",7.88223234195869,"RAMP zone 3","epac","CPUE",2023-11-22
"162","2023-06-20",7.23309984474766,"RAMP zone 4","epac","CPUE",2023-11-22
"163","2023-06-21",7.84982531898936,"RAMP zone 3","epac","CPUE",2023-11-22
"164","2023-06-21",7.15261426750495,"RAMP zone 4","epac","CPUE",2023-11-22
"165","2023-06-22",7.80162998015971,"RAMP zone 3","epac","CPUE",2023-11-22
"166","2023-06-22",7.04389798057323,"RAMP zone 4","epac","CPUE",2023-11-22
"167","2023-06-23",7.77884706499618,"RAMP zone 3","epac","CPUE",2023-11-22
"168","2023-06-23",6.9503027362787,"RAMP zone 4","epac","CPUE",2023-11-22
"169","2023-06-24",7.75562906650783,"RAMP zone 3","epac","CPUE",2023-11-22
"170","2023-06-24",6.8708482983237,"RAMP zone 4","epac","CPUE",2023-11-22
"171","2023-06-25",7.72838277885214,"RAMP zone 3","epac","CPUE",2023-11-22
"172","2023-06-25",6.81343710690128,"RAMP zone 4","epac","CPUE",2023-11-22
"173","2023-06-26",7.71078788341825,"RAMP zone 3","epac","CPUE",2023-11-22
"174","2023-06-26",6.77885904001946,"RAMP zone 4","epac","CPUE",2023-11-22
"175","2023-06-27",7.71343282073043,"RAMP zone 3","epac","CPUE",2023-11-22
"176","2023-06-27",6.77203828509973,"RAMP zone 4","epac","CPUE",2023-11-22
"177","2023-06-28",7.73413259492711,"RAMP zone 3","epac","CPUE",2023-11-22
"178","2023-06-28",6.77840037224244,"RAMP zone 4","epac","CPUE",2023-11-22
"179","2023-06-29",7.74445458579549,"RAMP zone 3","epac","CPUE",2023-11-22
"180","2023-06-29",6.77710096811762,"RAMP zone 4","epac","CPUE",2023-11-22
"181","2023-06-30",7.77225783224716,"RAMP zone 3","epac","CPUE",2023-11-22
"182","2023-06-30",6.79919517283537,"RAMP zone 4","epac","CPUE",2023-11-22
"183","2023-07-01",7.79473231698192,"RAMP zone 3","epac","CPUE",2023-11-22
"184","2023-07-01",6.82304509437206,"RAMP zone 4","epac","CPUE",2023-11-22
"185","2023-07-02",7.78120487157342,"RAMP zone 3","epac","CPUE",2023-11-22
"186","2023-07-02",6.81762671484327,"RAMP zone 4","epac","CPUE",2023-11-22
"187","2023-07-03",7.75207696075356,"RAMP zone 3","epac","CPUE",2023-11-22
"188","2023-07-03",6.76052379110942,"RAMP zone 4","epac","CPUE",2023-11-22
"189","2023-07-04",7.71608016787227,"RAMP zone 3","epac","CPUE",2023-11-22
"190","2023-07-04",6.67570259953488,"RAMP zone 4","epac","CPUE",2023-11-22
"191","2023-07-05",7.64879072007052,"RAMP zone 3","epac","CPUE",2023-11-22
"192","2023-07-05",6.5874421246958,"RAMP zone 4","epac","CPUE",2023-11-22
"193","2023-07-06",7.60721382342799,"RAMP zone 3","epac","CPUE",2023-11-22
"194","2023-07-06",6.54391880309095,"RAMP zone 4","epac","CPUE",2023-11-22
"195","2023-07-07",7.5997362279788,"RAMP zone 3","epac","CPUE",2023-11-22
"196","2023-07-07",6.55755794291594,"RAMP zone 4","epac","CPUE",2023-11-22
"197","2023-07-08",7.61179394634484,"RAMP zone 3","epac","CPUE",2023-11-22
"198","2023-07-08",6.64220945502498,"RAMP zone 4","epac","CPUE",2023-11-22
"199","2023-07-09",7.58006999065537,"RAMP zone 3","epac","CPUE",2023-11-22
"200","2023-07-09",6.66876219344534,"RAMP zone 4","epac","CPUE",2023-11-22
"201","2023-07-10",7.58486701556763,"RAMP zone 3","epac","CPUE",2023-11-22
"202","2023-07-10",6.70935850801441,"RAMP zone 4","epac","CPUE",2023-11-22
"203","2023-07-11",7.59997143990598,"RAMP zone 3","epac","CPUE",2023-11-22
"204","2023-07-11",6.74217085256336,"RAMP zone 4","epac","CPUE",2023-11-22
"205","2023-07-12",7.58404406435181,"RAMP zone 3","epac","CPUE",2023-11-22
"206","2023-07-12",6.75906407994275,"RAMP zone 4","epac","CPUE",2023-11-22
"207","2023-07-13",7.57036208764238,"RAMP zone 3","epac","CPUE",2023-11-22
"208","2023-07-13",6.7732919478751,"RAMP zone 4","epac","CPUE",2023-11-22
"209","2023-07-14",7.60229848177974,"RAMP zone 3","epac","CPUE",2023-11-22
"210","2023-07-14",6.84695048650004,"RAMP zone 4","epac","CPUE",2023-11-22
"211","2023-07-15",7.62802980980988,"RAMP zone 3","epac","CPUE",2023-11-22
"212","2023-07-15",6.91747238087107,"RAMP zone 4","epac","CPUE",2023-11-22
"213","2023-07-16",7.63294845949425,"RAMP zone 3","epac","CPUE",2023-11-22
"214","2023-07-16",6.9608847773805,"RAMP zone 4","epac","CPUE",2023-11-22
"215","2023-07-17",7.65312210081665,"RAMP zone 3","epac","CPUE",2023-11-22
"216","2023-07-17",6.99977914751793,"RAMP zone 4","epac","CPUE",2023-11-22
"217","2023-07-18",7.69698840306075,"RAMP zone 3","epac","CPUE",2023-11-22
"218","2023-07-18",7.0525436776025,"RAMP zone 4","epac","CPUE",2023-11-22
"219","2023-07-19",7.71005124767138,"RAMP zone 3","epac","CPUE",2023-11-22
"220","2023-07-19",7.06712994405202,"RAMP zone 4","epac","CPUE",2023-11-22
"221","2023-07-20",7.6746616704311,"RAMP zone 3","epac","CPUE",2023-11-22
"222","2023-07-20",7.04547896560053,"RAMP zone 4","epac","CPUE",2023-11-22
"223","2023-07-21",7.69085128050904,"RAMP zone 3","epac","CPUE",2023-11-22
"224","2023-07-21",7.07061202472874,"RAMP zone 4","epac","CPUE",2023-11-22
"225","2023-07-22",7.70266075328339,"RAMP zone 3","epac","CPUE",2023-11-22
"226","2023-07-22",7.10357928089037,"RAMP zone 4","epac","CPUE",2023-11-22
"227","2023-07-23",7.71504671421162,"RAMP zone 3","epac","CPUE",2023-11-22
"228","2023-07-23",7.12051395484988,"RAMP zone 4","epac","CPUE",2023-11-22
"229","2023-07-24",7.74236734926181,"RAMP zone 3","epac","CPUE",2023-11-22
"230","2023-07-24",7.15861193101321,"RAMP zone 4","epac","CPUE",2023-11-22
"231","2023-07-25",7.76413583506418,"RAMP zone 3","epac","CPUE",2023-11-22
"232","2023-07-25",7.20973165506611,"RAMP zone 4","epac","CPUE",2023-11-22
"233","2023-07-26",7.7796437437971,"RAMP zone 3","epac","CPUE",2023-11-22
"234","2023-07-26",7.24426814488002,"RAMP zone 4","epac","CPUE",2023-11-22
"235","2023-07-27",7.77589051964758,"RAMP zone 3","epac","CPUE",2023-11-22
"236","2023-07-27",7.25816274680653,"RAMP zone 4","epac","CPUE",2023-11-22
"237","2023-07-28",7.77049187905978,"RAMP zone 3","epac","CPUE",2023-11-22
"238","2023-07-28",7.24780814738906,"RAMP zone 4","epac","CPUE",2023-11-22
"239","2023-07-29",7.7507146537997,"RAMP zone 3","epac","CPUE",2023-11-22
"240","2023-07-29",7.25099885755656,"RAMP zone 4","epac","CPUE",2023-11-22
"241","2023-07-30",7.72386953373288,"RAMP zone 3","epac","CPUE",2023-11-22
"242","2023-07-30",7.2529071267162,"RAMP zone 4","epac","CPUE",2023-11-22
"243","2023-07-31",7.69750254341336,"RAMP zone 3","epac","CPUE",2023-11-22
"244","2023-07-31",7.25263675074188,"RAMP zone 4","epac","CPUE",2023-11-22
"245","2023-08-01",7.67599819822583,"RAMP zone 3","epac","CPUE",2023-11-22
"246","2023-08-01",7.25424240809314,"RAMP zone 4","epac","CPUE",2023-11-22
"247","2023-08-02",7.63965228390555,"RAMP zone 3","epac","CPUE",2023-11-22
"248","2023-08-02",7.25308777428403,"RAMP zone 4","epac","CPUE",2023-11-22
"249","2023-08-03",7.63786638562762,"RAMP zone 3","epac","CPUE",2023-11-22
"250","2023-08-03",7.26880562986646,"RAMP zone 4","epac","CPUE",2023-11-22
"251","2023-08-04",7.64787153742644,"RAMP zone 3","epac","CPUE",2023-11-22
"252","2023-08-04",7.29085895224493,"RAMP zone 4","epac","CPUE",2023-11-22
"253","2023-08-05",7.66975725858017,"RAMP zone 3","epac","CPUE",2023-11-22
"254","2023-08-05",7.31287173020596,"RAMP zone 4","epac","CPUE",2023-11-22
"255","2023-08-06",7.66820298923656,"RAMP zone 3","epac","CPUE",2023-11-22
"256","2023-08-06",7.33787639530338,"RAMP zone 4","epac","CPUE",2023-11-22
"257","2023-08-07",7.6841723334564,"RAMP zone 3","epac","CPUE",2023-11-22
"258","2023-08-07",7.36786077776734,"RAMP zone 4","epac","CPUE",2023-11-22
"259","2023-08-08",7.6590948783641,"RAMP zone 3","epac","CPUE",2023-11-22
"260","2023-08-08",7.36845347273106,"RAMP zone 4","epac","CPUE",2023-11-22
"261","2023-08-09",7.62374849933698,"RAMP zone 3","epac","CPUE",2023-11-22
"262","2023-08-09",7.35307341497772,"RAMP zone 4","epac","CPUE",2023-11-22
"263","2023-08-10",7.58013472290233,"RAMP zone 3","epac","CPUE",2023-11-22
"264","2023-08-10",7.33773868205596,"RAMP zone 4","epac","CPUE",2023-11-22
"265","2023-08-11",7.54445543486711,"RAMP zone 3","epac","CPUE",2023-11-22
"266","2023-08-11",7.34421395355341,"RAMP zone 4","epac","CPUE",2023-11-22
"267","2023-08-12",7.50465919319973,"RAMP zone 3","epac","CPUE",2023-11-22
"268","2023-08-12",7.33156904468731,"RAMP zone 4","epac","CPUE",2023-11-22
"269","2023-08-13",7.45577963173043,"RAMP zone 3","epac","CPUE",2023-11-22
"270","2023-08-13",7.32452516142203,"RAMP zone 4","epac","CPUE",2023-11-22
"271","2023-08-14",7.37455517556085,"RAMP zone 3","epac","CPUE",2023-11-22
"272","2023-08-14",7.31206972331417,"RAMP zone 4","epac","CPUE",2023-11-22
"273","2023-08-15",7.32949130254429,"RAMP zone 3","epac","CPUE",2023-11-22
"274","2023-08-15",7.28515311406583,"RAMP zone 4","epac","CPUE",2023-11-22
"275","2023-08-16",7.28414138761717,"RAMP zone 3","epac","CPUE",2023-11-22
"276","2023-08-16",7.25423658356375,"RAMP zone 4","epac","CPUE",2023-11-22
"277","2023-08-17",7.21687354684569,"RAMP zone 3","epac","CPUE",2023-11-22
"278","2023-08-17",7.22935967664329,"RAMP zone 4","epac","CPUE",2023-11-22
"279","2023-08-18",7.14496918962619,"RAMP zone 3","epac","CPUE",2023-11-22
"280","2023-08-18",7.2144816422949,"RAMP zone 4","epac","CPUE",2023-11-22
"281","2023-08-19",7.07759027958436,"RAMP zone 3","epac","CPUE",2023-11-22
"282","2023-08-19",7.15457166627962,"RAMP zone 4","epac","CPUE",2023-11-22
"283","2023-08-20",7.01726097366664,"RAMP zone 3","epac","CPUE",2023-11-22
"284","2023-08-20",7.08556228803129,"RAMP zone 4","epac","CPUE",2023-11-22
"285","2023-08-21",6.95734854181145,"RAMP zone 3","epac","CPUE",2023-11-22
"286","2023-08-21",7.01402988543316,"RAMP zone 4","epac","CPUE",2023-11-22
"287","2023-08-22",6.8782854024754,"RAMP zone 3","epac","CPUE",2023-11-22
"288","2023-08-22",6.90528294723861,"RAMP zone 4","epac","CPUE",2023-11-22
"289","2023-08-23",6.779836917426,"RAMP zone 3","epac","CPUE",2023-11-22
"290","2023-08-23",6.81812898066579,"RAMP zone 4","epac","CPUE",2023-11-22
"291","2023-08-24",6.72713232088054,"RAMP zone 3","epac","CPUE",2023-11-22
"292","2023-08-24",6.75408857452626,"RAMP zone 4","epac","CPUE",2023-11-22
"293","2023-08-25",6.67957712973057,"RAMP zone 3","epac","CPUE",2023-11-22
"294","2023-08-25",6.69454052715885,"RAMP zone 4","epac","CPUE",2023-11-22
"295","2023-08-26",6.62673012358895,"RAMP zone 3","epac","CPUE",2023-11-22
"296","2023-08-26",6.65443906930028,"RAMP zone 4","epac","CPUE",2023-11-22
"297","2023-08-27",6.57887819471098,"RAMP zone 3","epac","CPUE",2023-11-22
"298","2023-08-27",6.63655043694438,"RAMP zone 4","epac","CPUE",2023-11-22
"299","2023-08-28",6.5296496120444,"RAMP zone 3","epac","CPUE",2023-11-22
"300","2023-08-28",6.63294274198766,"RAMP zone 4","epac","CPUE",2023-11-22
"301","2023-08-29",6.50246705807919,"RAMP zone 3","epac","CPUE",2023-11-22
"302","2023-08-29",6.63636890880916,"RAMP zone 4","epac","CPUE",2023-11-22
"303","2023-08-30",6.48205162550128,"RAMP zone 3","epac","CPUE",2023-11-22
"304","2023-08-30",6.63497477976643,"RAMP zone 4","epac","CPUE",2023-11-22
"305","2023-08-31",6.47591936614278,"RAMP zone 3","epac","CPUE",2023-11-22
"306","2023-08-31",6.63615931242096,"RAMP zone 4","epac","CPUE",2023-11-22
"307","2024-04-01",5.54702647784075,"RAMP zone 3","epac","CPUE",2024-04-01
"308","2024-04-01",6.1125137801073,"RAMP zone 4","epac","CPUE",2024-04-01
"309","2024-04-02",5.65536085325618,"RAMP zone 3","epac","CPUE",2024-04-02
"310","2024-04-02",6.22298448961608,"RAMP zone 4","epac","CPUE",2024-04-02
"311","2024-04-03",5.80357360787863,"RAMP zone 3","epac","CPUE",2024-04-03
"312","2024-04-03",6.36473278099177,"RAMP zone 4","epac","CPUE",2024-04-03
"313","2024-04-04",5.78620653651481,"RAMP zone 3","epac","CPUE",2024-04-04
"314","2024-04-04",6.35879000595638,"RAMP zone 4","epac","CPUE",2024-04-04
"315","2024-04-05",5.71050229841887,"RAMP zone 3","epac","CPUE",2024-04-05
"316","2024-04-05",6.34310022397917,"RAMP zone 4","epac","CPUE",2024-04-05
"317","2024-04-06",5.64316377875417,"RAMP zone 3","epac","CPUE",2024-04-06
"318","2024-04-06",6.3059600878735,"RAMP zone 4","epac","CPUE",2024-04-06
"319","2024-04-07",5.5868403610102,"RAMP zone 3","epac","CPUE",2024-04-07
"320","2024-04-07",6.26200243672546,"RAMP zone 4","epac","CPUE",2024-04-07
"321","2024-04-08",5.54924658270076,"RAMP zone 3","epac","CPUE",2024-04-08
"322","2024-04-08",6.17920084145604,"RAMP zone 4","epac","CPUE",2024-04-08
"323","2024-04-09",5.48832664361527,"RAMP zone 3","epac","CPUE",2024-04-09
"324","2024-04-09",6.13612744199986,"RAMP zone 4","epac","CPUE",2024-04-09
"325","2024-04-10",5.46747398948254,"RAMP zone 3","epac","CPUE",2024-04-10
"326","2024-04-10",6.10130392069719,"RAMP zone 4","epac","CPUE",2024-04-10
"327","2024-04-11",5.42407309056021,"RAMP zone 3","epac","CPUE",2024-04-11
"328","2024-04-11",6.0538014601688,"RAMP zone 4","epac","CPUE",2024-04-11
"329","2024-04-12",5.38230942796136,"RAMP zone 3","epac","CPUE",2024-04-12
"330","2024-04-12",6.0006331144547,"RAMP zone 4","epac","CPUE",2024-04-12
"331","2024-04-13",5.34182311958352,"RAMP zone 3","epac","CPUE",2024-04-13
"332","2024-04-13",5.92043994227234,"RAMP zone 4","epac","CPUE",2024-04-13
"333","2024-04-14",5.29586625913548,"RAMP zone 3","epac","CPUE",2024-04-14
"334","2024-04-14",5.82266461362644,"RAMP zone 4","epac","CPUE",2024-04-14
"335","2024-04-15",5.12143542073927,"RAMP zone 3","epac","CPUE",2024-04-15
"336","2024-04-15",5.68036781233184,"RAMP zone 4","epac","CPUE",2024-04-15
"337","2024-04-16",5.05714199192779,"RAMP zone 3","epac","CPUE",2024-04-16
"338","2024-04-16",5.62524097574,"RAMP zone 4","epac","CPUE",2024-04-16
"339","2024-04-17",5.0413215678567,"RAMP zone 3","epac","CPUE",2024-04-17
"340","2024-04-17",5.59666998875993,"RAMP zone 4","epac","CPUE",2024-04-17
"341","2024-04-18",5.06055847830464,"RAMP zone 3","epac","CPUE",2024-04-18
"342","2024-04-18",5.57745288646951,"RAMP zone 4","epac","CPUE",2024-04-18
"343","2024-04-19",5.10821315733551,"RAMP zone 3","epac","CPUE",2024-04-19
"344","2024-04-19",5.55672661120794,"RAMP zone 4","epac","CPUE",2024-04-19
"345","2024-04-20",5.17340996165673,"RAMP zone 3","epac","CPUE",2024-04-20
"346","2024-04-20",5.52677439394578,"RAMP zone 4","epac","CPUE",2024-04-20
"347","2024-04-21",5.23825274484075,"RAMP zone 3","epac","CPUE",2024-04-21
"348","2024-04-21",5.51845109625434,"RAMP zone 4","epac","CPUE",2024-04-21
"349","2024-04-22",5.32684155299902,"RAMP zone 3","epac","CPUE",2024-04-22
"350","2024-04-22",5.54530362845684,"RAMP zone 4","epac","CPUE",2024-04-22
"351","2024-04-23",5.54029058095414,"RAMP zone 3","epac","CPUE",2024-04-23
"352","2024-04-23",5.70356190952719,"RAMP zone 4","epac","CPUE",2024-04-23
"353","2024-04-24",5.69445881877788,"RAMP zone 3","epac","CPUE",2024-04-24
"354","2024-04-24",5.84812839932892,"RAMP zone 4","epac","CPUE",2024-04-24
"355","2024-04-25",5.65654627227788,"RAMP zone 3","epac","CPUE",2024-04-25
"356","2024-04-25",5.94044274310676,"RAMP zone 4","epac","CPUE",2024-04-25
"357","2024-04-26",5.95610870299644,"RAMP zone 3","epac","CPUE",2024-04-27
"358","2024-04-26",6.08775239550337,"RAMP zone 4","epac","CPUE",2024-04-27
"359","2024-04-27",5.95894492244305,"RAMP zone 3","epac","CPUE",2024-04-27
"360","2024-04-27",6.1057833360166,"RAMP zone 4","epac","CPUE",2024-04-27
"361","2024-04-28",6.38082940997772,"RAMP zone 3","epac","CPUE",2024-04-28
"362","2024-04-28",6.20926172198082,"RAMP zone 4","epac","CPUE",2024-04-28
"363","2024-04-29",6.8705566899721,"RAMP zone 3","epac","CPUE",2024-05-09
"364","2024-04-29",7.21646271530463,"RAMP zone 4","epac","CPUE",2024-05-09
"365","2024-04-30",6.91544334313204,"RAMP zone 3","epac","CPUE",2024-05-09
"366","2024-04-30",7.28385857440987,"RAMP zone 4","epac","CPUE",2024-05-09
"367","2024-05-01",6.97653614781624,"RAMP zone 3","epac","CPUE",2024-05-09
"368","2024-05-01",7.36307113900477,"RAMP zone 4","epac","CPUE",2024-05-09
"369","2024-05-02",7.02755288225274,"RAMP zone 3","epac","CPUE",2024-05-09
"370","2024-05-02",7.44708849556592,"RAMP zone 4","epac","CPUE",2024-05-09
"371","2024-05-03",7.10647966903309,"RAMP zone 3","epac","CPUE",2024-05-09
"372","2024-05-03",7.53759205317011,"RAMP zone 4","epac","CPUE",2024-05-09
"373","2024-05-04",7.18743819154279,"RAMP zone 3","epac","CPUE",2024-05-09
"374","2024-05-04",7.61917498768592,"RAMP zone 4","epac","CPUE",2024-05-09
"375","2024-05-05",7.25746372203494,"RAMP zone 3","epac","CPUE",2024-05-09
"376","2024-05-05",7.6721465200794,"RAMP zone 4","epac","CPUE",2024-05-09
"377","2024-05-06",7.30354453640622,"RAMP zone 3","epac","CPUE",2024-05-11
"378","2024-05-06",7.69745497533253,"RAMP zone 4","epac","CPUE",2024-05-11
"379","2024-05-07",7.32333606949379,"RAMP zone 3","epac","CPUE",2024-05-11
"380","2024-05-07",7.720473317954,"RAMP zone 4","epac","CPUE",2024-05-11
"381","2024-05-08",7.3752100585505,"RAMP zone 3","epac","CPUE",2024-05-11
"382","2024-05-08",7.7900422536597,"RAMP zone 4","epac","CPUE",2024-05-11
"383","2024-05-09",7.42781102068202,"RAMP zone 3","epac","CPUE",2024-05-13
"384","2024-05-09",7.83573070399615,"RAMP zone 4","epac","CPUE",2024-05-13
"385","2024-05-10",7.45041452036348,"RAMP zone 3","epac","CPUE",2024-05-13
"386","2024-05-10",7.85731432705509,"RAMP zone 4","epac","CPUE",2024-05-13
"387","2024-05-11",7.45178839061842,"RAMP zone 3","epac","CPUE",2024-05-13
"388","2024-05-11",7.87068579756484,"RAMP zone 4","epac","CPUE",2024-05-13
"389","2024-05-12",7.444372058088,"RAMP zone 3","epac","CPUE",2024-05-13
"390","2024-05-12",7.86638253610961,"RAMP zone 4","epac","CPUE",2024-05-13
"391","2024-05-13",7.45945539897264,"RAMP zone 3","epac","CPUE",2024-05-17
"392","2024-05-13",7.87392131722703,"RAMP zone 4","epac","CPUE",2024-05-17
"393","2024-05-14",7.50256778022578,"RAMP zone 3","epac","CPUE",2024-05-17
"394","2024-05-14",7.91759282593824,"RAMP zone 4","epac","CPUE",2024-05-17
"395","2024-05-15",7.54363294067078,"RAMP zone 3","epac","CPUE",2024-05-17
"396","2024-05-15",7.99640299179116,"RAMP zone 4","epac","CPUE",2024-05-17
"397","2024-05-16",7.57884601191726,"RAMP zone 3","epac","CPUE",2024-05-17
"398","2024-05-16",8.05139842957866,"RAMP zone 4","epac","CPUE",2024-05-17
"399","2024-05-17",7.57922078374513,"RAMP zone 3","epac","CPUE",2024-05-21
"400","2024-05-17",8.03846717051097,"RAMP zone 4","epac","CPUE",2024-05-21
"401","2024-05-18",7.59251978083752,"RAMP zone 3","epac","CPUE",2024-05-21
"402","2024-05-18",8.04722987352585,"RAMP zone 4","epac","CPUE",2024-05-21
"403","2024-05-19",7.62354614473013,"RAMP zone 3","epac","CPUE",2024-05-21
"404","2024-05-19",8.07343381789266,"RAMP zone 4","epac","CPUE",2024-05-21
"405","2024-05-20",7.68869384564459,"RAMP zone 3","epac","CPUE",2024-05-21
"406","2024-05-20",8.16332985150571,"RAMP zone 4","epac","CPUE",2024-05-21
"407","2024-05-21",7.7446474364937,"RAMP zone 3","epac","CPUE",2024-05-26
"408","2024-05-21",8.2159264203237,"RAMP zone 4","epac","CPUE",2024-05-26
"409","2024-05-22",7.8003852389493,"RAMP zone 3","epac","CPUE",2024-05-26
"410","2024-05-22",8.25574040011484,"RAMP zone 4","epac","CPUE",2024-05-26
"411","2024-05-23",7.88425313941268,"RAMP zone 3","epac","CPUE",2024-05-26
"412","2024-05-23",8.30081691778436,"RAMP zone 4","epac","CPUE",2024-05-26
"413","2024-05-24",7.98892000482179,"RAMP zone 3","epac","CPUE",2024-05-26
"414","2024-05-24",8.36314140120331,"RAMP zone 4","epac","CPUE",2024-05-26
"415","2024-05-25",8.07009997409443,"RAMP zone 3","epac","CPUE",2024-05-30
"416","2024-05-25",8.419142242962,"RAMP zone 4","epac","CPUE",2024-05-30
"417","2024-05-26",8.13069080717342,"RAMP zone 3","epac","CPUE",2024-05-30
"418","2024-05-26",8.47486750228064,"RAMP zone 4","epac","CPUE",2024-05-30
"419","2024-05-27",8.17511460774167,"RAMP zone 3","epac","CPUE",2024-05-30
"420","2024-05-27",8.49845102149613,"RAMP zone 4","epac","CPUE",2024-05-30
"421","2024-05-28",8.22949327840361,"RAMP zone 3","epac","CPUE",2024-05-30
"422","2024-05-28",8.5265881517712,"RAMP zone 4","epac","CPUE",2024-05-30
"423","2024-05-29",8.28353351666484,"RAMP zone 3","epac","CPUE",2024-06-03
"424","2024-05-29",8.53298191367363,"RAMP zone 4","epac","CPUE",2024-06-03
"425","2024-05-30",8.34105856543363,"RAMP zone 3","epac","CPUE",2024-06-03
"426","2024-05-30",8.54383826718038,"RAMP zone 4","epac","CPUE",2024-06-03
"427","2024-05-31",8.38243862570718,"RAMP zone 3","epac","CPUE",2024-06-03
"428","2024-05-31",8.53174586612351,"RAMP zone 4","epac","CPUE",2024-06-03
"429","2024-06-01",8.39630651543307,"RAMP zone 3","epac","CPUE",2024-06-03
"430","2024-06-01",8.50462475662329,"RAMP zone 4","epac","CPUE",2024-06-03
"431","2024-06-02",8.42875112575847,"RAMP zone 3","epac","CPUE",2024-06-07
"432","2024-06-02",8.51263107000565,"RAMP zone 4","epac","CPUE",2024-06-07
"433","2024-06-03",8.44798636817655,"RAMP zone 3","epac","CPUE",2024-06-07
"434","2024-06-03",8.50995333559659,"RAMP zone 4","epac","CPUE",2024-06-07
"435","2024-06-04",8.47455128559539,"RAMP zone 3","epac","CPUE",2024-06-07
"436","2024-06-04",8.53420007143702,"RAMP zone 4","epac","CPUE",2024-06-07
"437","2024-06-05",8.53291144083406,"RAMP zone 3","epac","CPUE",2024-06-07
"438","2024-06-05",8.58746838922403,"RAMP zone 4","epac","CPUE",2024-06-07
"439","2024-06-06",8.58817811760792,"RAMP zone 3","epac","CPUE",2024-06-10
"440","2024-06-06",8.60217416846022,"RAMP zone 4","epac","CPUE",2024-06-10
"441","2024-06-07",8.61500362462776,"RAMP zone 3","epac","CPUE",2024-06-10
"442","2024-06-07",8.59312612426524,"RAMP zone 4","epac","CPUE",2024-06-10
"443","2024-06-08",8.61666032048159,"RAMP zone 3","epac","CPUE",2024-06-10
"444","2024-06-08",8.52389869677777,"RAMP zone 4","epac","CPUE",2024-06-10
"445","2024-06-09",8.61393438115023,"RAMP zone 3","epac","CPUE",2024-06-10
"446","2024-06-09",8.49269389741275,"RAMP zone 4","epac","CPUE",2024-06-10
"447","2024-06-10",8.64647979861082,"RAMP zone 3","epac","CPUE",2024-06-16
"448","2024-06-10",8.48615759185382,"RAMP zone 4","epac","CPUE",2024-06-16
"449","2024-06-11",8.68649525637197,"RAMP zone 3","epac","CPUE",2024-06-16
"450","2024-06-11",8.5098276003587,"RAMP zone 4","epac","CPUE",2024-06-16
"451","2024-06-12",8.73420265871425,"RAMP zone 3","epac","CPUE",2024-06-16
"452","2024-06-12",8.53759952473397,"RAMP zone 4","epac","CPUE",2024-06-16
"453","2024-06-13",8.77237222412991,"RAMP zone 3","epac","CPUE",2024-06-16
"454","2024-06-13",8.5512867433076,"RAMP zone 4","epac","CPUE",2024-06-16
"455","2024-06-14",8.79463014751673,"RAMP zone 3","epac","CPUE",2024-06-19
"456","2024-06-14",8.54739605702308,"RAMP zone 4","epac","CPUE",2024-06-19
"457","2024-06-15",8.82884679249553,"RAMP zone 3","epac","CPUE",2024-06-19
"458","2024-06-15",8.5728021670437,"RAMP zone 4","epac","CPUE",2024-06-19
"459","2024-06-16",8.86343836853671,"RAMP zone 3","epac","CPUE",2024-06-19
"460","2024-06-16",8.60164554782155,"RAMP zone 4","epac","CPUE",2024-06-19
"461","2024-06-17",8.89940851164419,"RAMP zone 3","epac","CPUE",2024-06-19
"462","2024-06-17",8.64298988313091,"RAMP zone 4","epac","CPUE",2024-06-19
"463","2024-06-18",8.92204138428666,"RAMP zone 3","epac","CPUE",2024-06-22
"464","2024-06-18",8.65170727195788,"RAMP zone 4","epac","CPUE",2024-06-22
"465","2024-06-19",8.94524083165235,"RAMP zone 3","epac","CPUE",2024-06-22
"466","2024-06-19",8.65281474857914,"RAMP zone 4","epac","CPUE",2024-06-22
"467","2024-06-20",8.94316875380139,"RAMP zone 3","epac","CPUE",2024-06-22
"468","2024-06-20",8.63089725314354,"RAMP zone 4","epac","CPUE",2024-06-22
"469","2024-06-21",8.95107807149721,"RAMP zone 3","epac","CPUE",2024-06-22
"470","2024-06-21",8.63457281224582,"RAMP zone 4","epac","CPUE",2024-06-22
"471","2024-06-22",8.95923678576946,"RAMP zone 3","epac","CPUE",2024-06-26
"472","2024-06-22",8.64417512903408,"RAMP zone 4","epac","CPUE",2024-06-26
"473","2024-06-23",8.95312194422234,"RAMP zone 3","epac","CPUE",2024-06-26
"474","2024-06-23",8.64004421526072,"RAMP zone 4","epac","CPUE",2024-06-26
"475","2024-06-24",8.94774263369483,"RAMP zone 3","epac","CPUE",2024-06-26
"476","2024-06-24",8.62530663901446,"RAMP zone 4","epac","CPUE",2024-06-26
"477","2024-06-25",8.95090326250986,"RAMP zone 3","epac","CPUE",2024-06-26
"478","2024-06-25",8.61205879194396,"RAMP zone 4","epac","CPUE",2024-06-26
"479","2024-06-26",8.9521631601938,"RAMP zone 3","epac","CPUE",2024-06-30
"480","2024-06-26",8.61563240861406,"RAMP zone 4","epac","CPUE",2024-06-30
"481","2024-06-27",8.94994879288729,"RAMP zone 3","epac","CPUE",2024-06-30
"482","2024-06-27",8.61253843526451,"RAMP zone 4","epac","CPUE",2024-06-30
"483","2024-06-28",8.96194895686105,"RAMP zone 3","epac","CPUE",2024-06-30
"484","2024-06-28",8.61069813358541,"RAMP zone 4","epac","CPUE",2024-06-30
"485","2024-06-29",8.95131196497485,"RAMP zone 3","epac","CPUE",2024-06-30
"486","2024-06-29",8.59022884563524,"RAMP zone 4","epac","CPUE",2024-06-30
"487","2024-06-30",8.94316275279189,"RAMP zone 3","epac","CPUE",2024-07-04
"488","2024-06-30",8.55215839609808,"RAMP zone 4","epac","CPUE",2024-07-04
"489","2024-07-01",8.94114945932876,"RAMP zone 3","epac","CPUE",2024-07-04
"490","2024-07-01",8.52400646112403,"RAMP zone 4","epac","CPUE",2024-07-04
"491","2024-07-02",8.94440074403619,"RAMP zone 3","epac","CPUE",2024-07-04
"492","2024-07-02",8.51341237340655,"RAMP zone 4","epac","CPUE",2024-07-04
"493","2024-07-03",8.91892976504426,"RAMP zone 3","epac","CPUE",2024-07-04
"494","2024-07-03",8.45741872325235,"RAMP zone 4","epac","CPUE",2024-07-04
"495","2024-07-04",8.87790432295134,"RAMP zone 3","epac","CPUE",2024-07-08
"496","2024-07-04",8.36614015078058,"RAMP zone 4","epac","CPUE",2024-07-08
"497","2024-07-05",8.80449780301992,"RAMP zone 3","epac","CPUE",2024-07-08
"498","2024-07-05",8.24714584922304,"RAMP zone 4","epac","CPUE",2024-07-08
"499","2024-07-06",8.73857293832441,"RAMP zone 3","epac","CPUE",2024-07-08
"500","2024-07-06",8.12189879307942,"RAMP zone 4","epac","CPUE",2024-07-08
"501","2024-07-07",8.66813209548939,"RAMP zone 3","epac","CPUE",2024-07-08
"502","2024-07-07",8.02648822932827,"RAMP zone 4","epac","CPUE",2024-07-08
"503","2024-07-08",8.62509988733502,"RAMP zone 3","epac","CPUE",2024-07-13
"504","2024-07-08",8.00762805683272,"RAMP zone 4","epac","CPUE",2024-07-13
"505","2024-07-09",8.58876390902456,"RAMP zone 3","epac","CPUE",2024-07-13
"506","2024-07-09",7.98555958076399,"RAMP zone 4","epac","CPUE",2024-07-13
"507","2024-07-10",8.56283103432073,"RAMP zone 3","epac","CPUE",2024-07-13
"508","2024-07-10",7.97329644597307,"RAMP zone 4","epac","CPUE",2024-07-13
"509","2024-07-11",8.51685034960162,"RAMP zone 3","epac","CPUE",2024-07-13
"510","2024-07-11",7.94207958128988,"RAMP zone 4","epac","CPUE",2024-07-13
"511","2024-07-12",8.45535378062794,"RAMP zone 3","epac","CPUE",2024-07-16
"512","2024-07-12",7.91312325365689,"RAMP zone 4","epac","CPUE",2024-07-16
"513","2024-07-13",8.38396769961299,"RAMP zone 3","epac","CPUE",2024-07-16
"514","2024-07-13",7.88668615477426,"RAMP zone 4","epac","CPUE",2024-07-16
"515","2024-07-14",8.29436387797428,"RAMP zone 3","epac","CPUE",2024-07-16
"516","2024-07-14",7.85180904621981,"RAMP zone 4","epac","CPUE",2024-07-16
"517","2024-07-15",8.1821805209268,"RAMP zone 3","epac","CPUE",2024-07-16
"518","2024-07-15",7.80043418796695,"RAMP zone 4","epac","CPUE",2024-07-16
"519","2024-07-16",8.0548456918968,"RAMP zone 3","epac","CPUE",2024-07-21
"520","2024-07-16",7.71097230667971,"RAMP zone 4","epac","CPUE",2024-07-21
"521","2024-07-17",7.94308883454217,"RAMP zone 3","epac","CPUE",2024-07-21
"522","2024-07-17",7.59805835631429,"RAMP zone 4","epac","CPUE",2024-07-21
"523","2024-07-18",7.85187161731166,"RAMP zone 3","epac","CPUE",2024-07-21
"524","2024-07-18",7.52510702743822,"RAMP zone 4","epac","CPUE",2024-07-21
"525","2024-07-19",7.7581739957596,"RAMP zone 3","epac","CPUE",2024-07-21
"526","2024-07-19",7.47748821900815,"RAMP zone 4","epac","CPUE",2024-07-21
"527","2024-07-20",7.68070107364897,"RAMP zone 3","epac","CPUE",2024-07-24
"528","2024-07-20",7.44526153024362,"RAMP zone 4","epac","CPUE",2024-07-24
"529","2024-07-21",7.62534654861706,"RAMP zone 3","epac","CPUE",2024-07-24
"530","2024-07-21",7.40947967500103,"RAMP zone 4","epac","CPUE",2024-07-24
"531","2024-07-22",7.58517229548374,"RAMP zone 3","epac","CPUE",2024-07-24
"532","2024-07-22",7.38873885748338,"RAMP zone 4","epac","CPUE",2024-07-24
"533","2024-07-23",7.51888485088251,"RAMP zone 3","epac","CPUE",2024-07-24
"534","2024-07-23",7.33771164100997,"RAMP zone 4","epac","CPUE",2024-07-24
"535","2024-07-24",7.44645813142144,"RAMP zone 3","epac","CPUE",2024-07-28
"536","2024-07-24",7.27436504205879,"RAMP zone 4","epac","CPUE",2024-07-28
"537","2024-07-25",7.36793829206117,"RAMP zone 3","epac","CPUE",2024-07-28
"538","2024-07-25",7.21541657277516,"RAMP zone 4","epac","CPUE",2024-07-28
"539","2024-07-26",7.31730269172857,"RAMP zone 3","epac","CPUE",2024-07-28
"540","2024-07-26",7.17922893288184,"RAMP zone 4","epac","CPUE",2024-07-28
"541","2024-07-27",7.27372394658105,"RAMP zone 3","epac","CPUE",2024-07-28
"542","2024-07-27",7.16763757418613,"RAMP zone 4","epac","CPUE",2024-07-28
"543","2024-07-28",7.2117696309159,"RAMP zone 3","epac","CPUE",2024-08-02
"544","2024-07-28",7.12158674494344,"RAMP zone 4","epac","CPUE",2024-08-02
"545","2024-07-29",7.14204737500742,"RAMP zone 3","epac","CPUE",2024-08-02
"546","2024-07-29",7.07116698385501,"RAMP zone 4","epac","CPUE",2024-08-02
"547","2024-07-30",7.08064256976683,"RAMP zone 3","epac","CPUE",2024-08-02
"548","2024-07-30",7.03581485018438,"RAMP zone 4","epac","CPUE",2024-08-02
"549","2024-07-31",7.01031690298818,"RAMP zone 3","epac","CPUE",2024-08-02
"550","2024-07-31",7.03416795025066,"RAMP zone 4","epac","CPUE",2024-08-02
"551","2024-08-01",6.92582980950558,"RAMP zone 3","epac","CPUE",2024-08-07
"552","2024-08-01",7.008477433482,"RAMP zone 4","epac","CPUE",2024-08-07
"553","2024-08-02",6.83637017184912,"RAMP zone 3","epac","CPUE",2024-08-07
"554","2024-08-02",6.97297983619632,"RAMP zone 4","epac","CPUE",2024-08-07
"555","2024-08-03",6.78800886696161,"RAMP zone 3","epac","CPUE",2024-08-07
"556","2024-08-03",6.99902798168513,"RAMP zone 4","epac","CPUE",2024-08-07
"557","2024-08-04",6.7852483239718,"RAMP zone 3","epac","CPUE",2024-08-07
"558","2024-08-04",7.06662327489074,"RAMP zone 4","epac","CPUE",2024-08-07
"559","2024-08-05",6.77930075696908,"RAMP zone 3","epac","CPUE",2024-08-09
"560","2024-08-05",7.11831005337287,"RAMP zone 4","epac","CPUE",2024-08-09
"561","2024-08-06",6.8020638907978,"RAMP zone 3","epac","CPUE",2024-08-09
"562","2024-08-06",7.14737059352349,"RAMP zone 4","epac","CPUE",2024-08-09
"563","2024-08-07",6.82040167825167,"RAMP zone 3","epac","CPUE",2024-08-09
"564","2024-08-07",7.17793129037838,"RAMP zone 4","epac","CPUE",2024-08-09
"565","2024-08-08",6.77570160679779,"RAMP zone 3","epac","CPUE",2024-08-09
"566","2024-08-08",7.17998790412533,"RAMP zone 4","epac","CPUE",2024-08-09
"567","2024-08-09",6.75851158936356,"RAMP zone 3","epac","CPUE",2024-08-15
"568","2024-08-09",7.18395665725883,"RAMP zone 4","epac","CPUE",2024-08-15
"569","2024-08-10",6.75570191980101,"RAMP zone 3","epac","CPUE",2024-08-15
"570","2024-08-10",7.20242351463863,"RAMP zone 4","epac","CPUE",2024-08-15
"571","2024-08-11",6.74450346446315,"RAMP zone 3","epac","CPUE",2024-08-15
"572","2024-08-11",7.22867194146526,"RAMP zone 4","epac","CPUE",2024-08-15
"573","2024-08-12",6.74373922665972,"RAMP zone 3","epac","CPUE",2024-08-15
"574","2024-08-12",7.22644516910825,"RAMP zone 4","epac","CPUE",2024-08-15
"575","2024-08-13",6.74490379983949,"RAMP zone 3","epac","CPUE",2024-08-17
"576","2024-08-13",7.23362402040131,"RAMP zone 4","epac","CPUE",2024-08-17
"577","2024-08-14",6.76184136966287,"RAMP zone 3","epac","CPUE",2024-08-17
"578","2024-08-14",7.26449901875185,"RAMP zone 4","epac","CPUE",2024-08-17
"579","2024-08-15",6.80418384577646,"RAMP zone 3","epac","CPUE",2024-08-17
"580","2024-08-15",7.29868636496213,"RAMP zone 4","epac","CPUE",2024-08-17
"581","2024-08-16",6.82484178698817,"RAMP zone 3","epac","CPUE",2024-08-17
"582","2024-08-16",7.34518801071206,"RAMP zone 4","epac","CPUE",2024-08-17
"583","2024-08-17",6.83265890599077,"RAMP zone 3","epac","CPUE",2024-08-21
"584","2024-08-17",7.36695702343571,"RAMP zone 4","epac","CPUE",2024-08-21
"585","2024-08-18",6.79952461272478,"RAMP zone 3","epac","CPUE",2024-08-21
"586","2024-08-18",7.33689534031615,"RAMP zone 4","epac","CPUE",2024-08-21
"587","2024-08-19",6.76202690462733,"RAMP zone 3","epac","CPUE",2024-08-21
"588","2024-08-19",7.31268773565487,"RAMP zone 4","epac","CPUE",2024-08-21
"589","2024-08-20",6.7100648820227,"RAMP zone 3","epac","CPUE",2024-08-21
"590","2024-08-20",7.29715733041569,"RAMP zone 4","epac","CPUE",2024-08-21
"591","2024-08-21",6.64202722707807,"RAMP zone 3","epac","CPUE",2024-08-25
"592","2024-08-21",7.28524113625896,"RAMP zone 4","epac","CPUE",2024-08-25
"593","2024-08-22",6.55417436707851,"RAMP zone 3","epac","CPUE",2024-08-25
"594","2024-08-22",7.25456855102461,"RAMP zone 4","epac","CPUE",2024-08-25
"595","2024-08-23",6.49165366719975,"RAMP zone 3","epac","CPUE",2024-08-25
"596","2024-08-23",7.22958883071432,"RAMP zone 4","epac","CPUE",2024-08-25
"597","2024-08-24",6.43351373825829,"RAMP zone 3","epac","CPUE",2024-08-25
"598","2024-08-24",7.20820393805601,"RAMP zone 4","epac","CPUE",2024-08-25
"599","2024-08-25",6.40071228835299,"RAMP zone 3","epac","CPUE",2024-09-04
"600","2024-08-25",7.20368482823275,"RAMP zone 4","epac","CPUE",2024-09-04
"601","2024-08-26",6.35947420138346,"RAMP zone 3","epac","CPUE",2024-09-04
"602","2024-08-26",7.19123112182228,"RAMP zone 4","epac","CPUE",2024-09-04
"603","2024-08-27",6.30663542079111,"RAMP zone 3","epac","CPUE",2024-09-04
"604","2024-08-27",7.16492979721147,"RAMP zone 4","epac","CPUE",2024-09-04
"605","2024-08-28",6.28811461308181,"RAMP zone 3","epac","CPUE",2024-09-04
"606","2024-08-28",7.17016204668551,"RAMP zone 4","epac","CPUE",2024-09-04
"607","2024-08-29",6.27654217416421,"RAMP zone 3","epac","CPUE",2024-09-04
"608","2024-08-29",7.14472723980339,"RAMP zone 4","epac","CPUE",2024-09-04
"609","2024-08-30",6.25118977567831,"RAMP zone 3","epac","CPUE",2024-09-04
"610","2024-08-30",7.10937355099892,"RAMP zone 4","epac","CPUE",2024-09-04
"611","2024-08-31",6.22902244784285,"RAMP zone 3","epac","CPUE",2024-09-04
"612","2024-08-31",7.08732161375941,"RAMP zone 4","epac","CPUE",2024-09-04
"613","2025-04-01",8.18944255072017,"RAMP zone 3","epac","CPUE",2025-04-01
"614","2025-04-01",8.53627371788025,"RAMP zone 4","epac","CPUE",2025-04-01
"615","2025-04-02",8.17569850835689,"RAMP zone 3","epac","CPUE",2025-04-02
"616","2025-04-02",8.55771128498778,"RAMP zone 4","epac","CPUE",2025-04-02
"617","2025-04-03",8.27024981171586,"RAMP zone 3","epac","CPUE",2025-04-03
"618","2025-04-03",8.64494649536756,"RAMP zone 4","epac","CPUE",2025-04-03
"619","2025-04-04",8.23851720261019,"RAMP zone 3","epac","CPUE",2025-04-04
"620","2025-04-04",8.62507211724106,"RAMP zone 4","epac","CPUE",2025-04-04
"621","2025-04-05",8.2257873568424,"RAMP zone 3","epac","CPUE",2025-04-05
"622","2025-04-05",8.61221189304274,"RAMP zone 4","epac","CPUE",2025-04-05
"623","2025-04-06",8.21107489217159,"RAMP zone 3","epac","CPUE",2025-04-06
"624","2025-04-06",8.60392389589427,"RAMP zone 4","epac","CPUE",2025-04-06
"625","2025-04-07",8.26462284770123,"RAMP zone 3","epac","CPUE",2025-04-07
"626","2025-04-07",8.62856038638524,"RAMP zone 4","epac","CPUE",2025-04-07
"627","2025-04-08",8.24912934663684,"RAMP zone 3","epac","CPUE",2025-04-08
"628","2025-04-08",8.61970342908587,"RAMP zone 4","epac","CPUE",2025-04-08
"629","2025-04-09",8.21390034431635,"RAMP zone 3","epac","CPUE",2025-04-09
"630","2025-04-09",8.60566401287001,"RAMP zone 4","epac","CPUE",2025-04-09
"631","2025-04-10",8.14450156203536,"RAMP zone 3","epac","CPUE",2025-04-10
"632","2025-04-10",8.57028104529089,"RAMP zone 4","epac","CPUE",2025-04-10
"633","2025-04-11",8.18101255491722,"RAMP zone 3","epac","CPUE",2025-04-11
"634","2025-04-11",8.49213336535863,"RAMP zone 4","epac","CPUE",2025-04-11
"635","2025-04-12",8.15009851719058,"RAMP zone 3","epac","CPUE",2025-04-12
"636","2025-04-12",8.48574378539105,"RAMP zone 4","epac","CPUE",2025-04-12
"637","2025-04-13",8.18797497971113,"RAMP zone 3","epac","CPUE",2025-04-13
"638","2025-04-13",8.5391868785936,"RAMP zone 4","epac","CPUE",2025-04-13
"639","2025-04-14",8.19919332931208,"RAMP zone 3","epac","CPUE",2025-04-14
"640","2025-04-14",8.56799950502357,"RAMP zone 4","epac","CPUE",2025-04-14
"641","2025-04-15",8.07304579366085,"RAMP zone 3","epac","CPUE",2025-04-15
"642","2025-04-15",8.38014417473151,"RAMP zone 4","epac","CPUE",2025-04-15
"643","2025-04-16",8.09563218438348,"RAMP zone 3","epac","CPUE",2025-04-16
"644","2025-04-16",8.3899983250365,"RAMP zone 4","epac","CPUE",2025-04-16
"645","2025-04-17",8.12394412035166,"RAMP zone 3","epac","CPUE",2025-04-17
"646","2025-04-17",8.46320443445322,"RAMP zone 4","epac","CPUE",2025-04-17
"647","2025-04-18",8.07159848892412,"RAMP zone 3","epac","CPUE",2025-04-18
"648","2025-04-18",8.44616028143435,"RAMP zone 4","epac","CPUE",2025-04-18
"649","2025-04-19",8.13325763580411,"RAMP zone 3","epac","CPUE",2025-04-19
"650","2025-04-19",8.31391676688681,"RAMP zone 4","epac","CPUE",2025-04-19
"651","2025-04-20",8.20041846951773,"RAMP zone 3","epac","CPUE",2025-04-20
"652","2025-04-20",8.30933511695083,"RAMP zone 4","epac","CPUE",2025-04-20
"653","2025-04-21",8.17110231241515,"RAMP zone 3","epac","CPUE",2025-04-21
"654","2025-04-21",8.31099196745425,"RAMP zone 4","epac","CPUE",2025-04-21
"655","2025-04-22",8.14643693247507,"RAMP zone 3","epac","CPUE",2025-04-22
"656","2025-04-22",8.26229303515687,"RAMP zone 4","epac","CPUE",2025-04-22
"657","2025-04-23",8.21620644247809,"RAMP zone 3","epac","CPUE",2025-04-23
"658","2025-04-23",8.23787972683809,"RAMP zone 4","epac","CPUE",2025-04-23
"659","2025-04-24",8.20660554669624,"RAMP zone 3","epac","CPUE",2025-04-24
"660","2025-04-24",8.20481385308869,"RAMP zone 4","epac","CPUE",2025-04-24
"661","2025-04-25",8.1557895970899,"RAMP zone 3","epac","CPUE",2025-04-25
"662","2025-04-25",8.15432807182779,"RAMP zone 4","epac","CPUE",2025-04-25
"663","2025-04-26",8.21753383549147,"RAMP zone 3","epac","CPUE",2025-04-26
"664","2025-04-26",8.13542816784917,"RAMP zone 4","epac","CPUE",2025-04-26
"665","2025-04-27",8.24129631283671,"RAMP zone 3","epac","CPUE",2025-04-27
"666","2025-04-27",8.1558819245319,"RAMP zone 4","epac","CPUE",2025-04-27
"667","2025-04-28",8.24613491948261,"RAMP zone 3","epac","CPUE",2025-04-28
"668","2025-04-28",8.17758622850691,"RAMP zone 4","epac","CPUE",2025-04-28
"669","2025-04-29",8.23719281997792,"RAMP zone 3","epac","CPUE",2025-04-29
"670","2025-04-29",8.16063122165446,"RAMP zone 4","epac","CPUE",2025-04-29
"671","2025-04-30",8.33570560535719,"RAMP zone 3","epac","CPUE",2025-04-30
"672","2025-04-30",8.18784911778508,"RAMP zone 4","epac","CPUE",2025-04-30
"673","2025-05-01",8.40870375757994,"RAMP zone 3","epac","CPUE",2025-05-22
"674","2025-05-01",8.18890598501478,"RAMP zone 4","epac","CPUE",2025-05-22
"675","2025-05-02",8.45014257382515,"RAMP zone 3","epac","CPUE",2025-05-22
"676","2025-05-02",8.17403725896563,"RAMP zone 4","epac","CPUE",2025-05-22
"677","2025-05-03",8.47381337991981,"RAMP zone 3","epac","CPUE",2025-05-22
"678","2025-05-03",8.17501685473384,"RAMP zone 4","epac","CPUE",2025-05-22
"679","2025-05-04",8.45343263516592,"RAMP zone 3","epac","CPUE",2025-05-22
"680","2025-05-04",8.13202357000234,"RAMP zone 4","epac","CPUE",2025-05-22
"681","2025-05-05",8.44495049188303,"RAMP zone 3","epac","CPUE",2025-05-22
"682","2025-05-05",8.10164846717095,"RAMP zone 4","epac","CPUE",2025-05-22
"683","2025-05-06",8.47488622904517,"RAMP zone 3","epac","CPUE",2025-05-22
"684","2025-05-06",8.09312118559468,"RAMP zone 4","epac","CPUE",2025-05-22
"685","2025-05-07",8.48654379193173,"RAMP zone 3","epac","CPUE",2025-05-22
"686","2025-05-07",8.09300430161612,"RAMP zone 4","epac","CPUE",2025-05-22
"687","2025-05-08",8.50978076977785,"RAMP zone 3","epac","CPUE",2025-05-22
"688","2025-05-08",8.0985596630038,"RAMP zone 4","epac","CPUE",2025-05-22
"689","2025-05-09",8.55795419008233,"RAMP zone 3","epac","CPUE",2025-05-22
"690","2025-05-09",8.13425330677811,"RAMP zone 4","epac","CPUE",2025-05-22
"691","2025-05-10",8.60742013780184,"RAMP zone 3","epac","CPUE",2025-05-22
"692","2025-05-10",8.1802401382096,"RAMP zone 4","epac","CPUE",2025-05-22
"693","2025-05-11",8.63020525144976,"RAMP zone 3","epac","CPUE",2025-05-22
"694","2025-05-11",8.23426000634018,"RAMP zone 4","epac","CPUE",2025-05-22
"695","2025-05-12",8.63721006103726,"RAMP zone 3","epac","CPUE",2025-05-22
"696","2025-05-12",8.23178032077089,"RAMP zone 4","epac","CPUE",2025-05-22
"697","2025-05-13",8.61742745235909,"RAMP zone 3","epac","CPUE",2025-05-22
"698","2025-05-13",8.19852029790684,"RAMP zone 4","epac","CPUE",2025-05-22
"699","2025-05-14",8.62529136448405,"RAMP zone 3","epac","CPUE",2025-05-22
"700","2025-05-14",8.19009515217372,"RAMP zone 4","epac","CPUE",2025-05-22
"701","2025-05-15",8.62224618518768,"RAMP zone 3","epac","CPUE",2025-05-22
"702","2025-05-15",8.18509061336517,"RAMP zone 4","epac","CPUE",2025-05-22
"703","2025-05-16",8.6683320572903,"RAMP zone 3","epac","CPUE",2025-05-22
"704","2025-05-16",8.22004252501896,"RAMP zone 4","epac","CPUE",2025-05-22
"705","2025-05-17",8.72457039460193,"RAMP zone 3","epac","CPUE",2025-05-22
"706","2025-05-17",8.28485385690417,"RAMP zone 4","epac","CPUE",2025-05-22
"707","2025-05-18",8.77645234174507,"RAMP zone 3","epac","CPUE",2025-05-22
"708","2025-05-18",8.34590938942773,"RAMP zone 4","epac","CPUE",2025-05-22
"709","2025-05-19",8.82774475805981,"RAMP zone 3","epac","CPUE",2025-05-22
"710","2025-05-19",8.3882831979771,"RAMP zone 4","epac","CPUE",2025-05-22
"711","2025-05-20",8.8754989584518,"RAMP zone 3","epac","CPUE",2025-05-24
"712","2025-05-20",8.44501942444821,"RAMP zone 4","epac","CPUE",2025-05-24
"713","2025-05-21",8.90987517840641,"RAMP zone 3","epac","CPUE",2025-05-24
"714","2025-05-21",8.49517364939865,"RAMP zone 4","epac","CPUE",2025-05-24
"715","2025-05-22",8.93027539066104,"RAMP zone 3","epac","CPUE",2025-05-24
"716","2025-05-22",8.52293504598189,"RAMP zone 4","epac","CPUE",2025-05-24
"717","2025-05-23",8.92987992112027,"RAMP zone 3","epac","CPUE",2025-05-24
"718","2025-05-23",8.56658701604726,"RAMP zone 4","epac","CPUE",2025-05-24
"719","2025-05-24",8.94050614813039,"RAMP zone 3","epac","CPUE",2025-05-29
"720","2025-05-24",8.58798887182255,"RAMP zone 4","epac","CPUE",2025-05-29
"721","2025-05-25",8.94588371556859,"RAMP zone 3","epac","CPUE",2025-05-29
"722","2025-05-25",8.61390206594856,"RAMP zone 4","epac","CPUE",2025-05-29
"723","2025-05-26",8.95401976517467,"RAMP zone 3","epac","CPUE",2025-05-29
"724","2025-05-26",8.63470028054958,"RAMP zone 4","epac","CPUE",2025-05-29
"725","2025-05-27",8.96320414958998,"RAMP zone 3","epac","CPUE",2025-05-29
"726","2025-05-27",8.67466910238169,"RAMP zone 4","epac","CPUE",2025-05-29
"727","2025-05-28",8.95899025437444,"RAMP zone 3","epac","CPUE",2025-06-02
"728","2025-05-28",8.70759703942708,"RAMP zone 4","epac","CPUE",2025-06-02
"729","2025-05-29",8.93493803503901,"RAMP zone 3","epac","CPUE",2025-06-02
"730","2025-05-29",8.73555307339649,"RAMP zone 4","epac","CPUE",2025-06-02
"731","2025-05-30",8.93666884199131,"RAMP zone 3","epac","CPUE",2025-06-02
"732","2025-05-30",8.73565126219574,"RAMP zone 4","epac","CPUE",2025-06-02
"733","2025-05-31",8.93042663814023,"RAMP zone 3","epac","CPUE",2025-06-02
"734","2025-05-31",8.74313095649894,"RAMP zone 4","epac","CPUE",2025-06-02
"735","2025-06-01",8.9439453707878,"RAMP zone 3","epac","CPUE",2025-06-17
"736","2025-06-01",8.75907077254081,"RAMP zone 4","epac","CPUE",2025-06-17
"737","2025-06-02",8.95038000719492,"RAMP zone 3","epac","CPUE",2025-06-17
"738","2025-06-02",8.76513099779888,"RAMP zone 4","epac","CPUE",2025-06-17
"739","2025-06-03",8.92038969071799,"RAMP zone 3","epac","CPUE",2025-06-17
"740","2025-06-03",8.74415863265797,"RAMP zone 4","epac","CPUE",2025-06-17
"741","2025-06-04",8.86100891890914,"RAMP zone 3","epac","CPUE",2025-06-17
"742","2025-06-04",8.69449053978433,"RAMP zone 4","epac","CPUE",2025-06-17
"743","2025-06-05",8.83871078872403,"RAMP zone 3","epac","CPUE",2025-06-17
"744","2025-06-05",8.65690528397657,"RAMP zone 4","epac","CPUE",2025-06-17
"745","2025-06-06",8.82924680827662,"RAMP zone 3","epac","CPUE",2025-06-17
"746","2025-06-06",8.63295355147245,"RAMP zone 4","epac","CPUE",2025-06-17
"747","2025-06-07",8.82861088424228,"RAMP zone 3","epac","CPUE",2025-06-17
"748","2025-06-07",8.61873992109785,"RAMP zone 4","epac","CPUE",2025-06-17
"749","2025-06-08",8.83042981978073,"RAMP zone 3","epac","CPUE",2025-06-17
"750","2025-06-08",8.58984701207706,"RAMP zone 4","epac","CPUE",2025-06-17
"751","2025-06-09",8.81499209064384,"RAMP zone 3","epac","CPUE",2025-06-17
"752","2025-06-09",8.55086022238342,"RAMP zone 4","epac","CPUE",2025-06-17
"753","2025-06-10",8.80429104940836,"RAMP zone 3","epac","CPUE",2025-06-17
"754","2025-06-10",8.49845037740104,"RAMP zone 4","epac","CPUE",2025-06-17
"755","2025-06-11",8.79285031418468,"RAMP zone 3","epac","CPUE",2025-06-17
"756","2025-06-11",8.45187427304229,"RAMP zone 4","epac","CPUE",2025-06-17
"757","2025-06-12",8.80851615341597,"RAMP zone 3","epac","CPUE",2025-06-17
"758","2025-06-12",8.43625012733498,"RAMP zone 4","epac","CPUE",2025-06-17
"759","2025-06-13",8.83048985378687,"RAMP zone 3","epac","CPUE",2025-06-27
"760","2025-06-13",8.46413052094226,"RAMP zone 4","epac","CPUE",2025-06-27
"761","2025-06-14",8.82945069982562,"RAMP zone 3","epac","CPUE",2025-06-27
"762","2025-06-14",8.45815888083711,"RAMP zone 4","epac","CPUE",2025-06-27
"763","2025-06-15",8.83286843102339,"RAMP zone 3","epac","CPUE",2025-06-27
"764","2025-06-15",8.45035719701222,"RAMP zone 4","epac","CPUE",2025-06-27
"765","2025-06-16",8.8271051780429,"RAMP zone 3","epac","CPUE",2025-06-27
"766","2025-06-16",8.42695547026031,"RAMP zone 4","epac","CPUE",2025-06-27
"767","2025-06-17",8.83327561963436,"RAMP zone 3","epac","CPUE",2025-06-27
"768","2025-06-17",8.41508972103498,"RAMP zone 4","epac","CPUE",2025-06-27
"769","2025-06-18",8.8369715369718,"RAMP zone 3","epac","CPUE",2025-06-27
"770","2025-06-18",8.39056295034837,"RAMP zone 4","epac","CPUE",2025-06-27
"771","2025-06-19",8.82520926917015,"RAMP zone 3","epac","CPUE",2025-06-27
"772","2025-06-19",8.35139041564294,"RAMP zone 4","epac","CPUE",2025-06-27
"773","2025-06-20",8.8077616840601,"RAMP zone 3","epac","CPUE",2025-06-27
"774","2025-06-20",8.31207499338352,"RAMP zone 4","epac","CPUE",2025-06-27
"775","2025-06-21",8.82294483855367,"RAMP zone 3","epac","CPUE",2025-06-27
"776","2025-06-21",8.2923958722654,"RAMP zone 4","epac","CPUE",2025-06-27
"777","2025-06-22",8.83715948644419,"RAMP zone 3","epac","CPUE",2025-06-27
"778","2025-06-22",8.29634831280124,"RAMP zone 4","epac","CPUE",2025-06-27
"779","2025-06-23",8.85687121246443,"RAMP zone 3","epac","CPUE",2025-06-27
"780","2025-06-23",8.29123285096519,"RAMP zone 4","epac","CPUE",2025-06-27
"781","2025-06-24",8.85202715104056,"RAMP zone 3","epac","CPUE",2025-06-27
"782","2025-06-24",8.28365652330068,"RAMP zone 4","epac","CPUE",2025-06-27
"783","2025-06-25",8.84321514166198,"RAMP zone 3","epac","CPUE",2025-07-27
"784","2025-06-25",8.26510319089403,"RAMP zone 4","epac","CPUE",2025-07-27
"785","2025-06-26",8.82680933764421,"RAMP zone 3","epac","CPUE",2025-07-27
"786","2025-06-26",8.22614776492119,"RAMP zone 4","epac","CPUE",2025-07-27
"787","2025-06-27",8.82735631051798,"RAMP zone 3","epac","CPUE",2025-07-27
"788","2025-06-27",8.19995301901078,"RAMP zone 4","epac","CPUE",2025-07-27
"789","2025-06-28",8.82129951774381,"RAMP zone 3","epac","CPUE",2025-07-27
"790","2025-06-28",8.17683795775686,"RAMP zone 4","epac","CPUE",2025-07-27
"791","2025-06-29",8.79264021751493,"RAMP zone 3","epac","CPUE",2025-07-27
"792","2025-06-29",8.15927711469786,"RAMP zone 4","epac","CPUE",2025-07-27
"793","2025-06-30",8.75293800845569,"RAMP zone 3","epac","CPUE",2025-07-27
"794","2025-06-30",8.09281230605378,"RAMP zone 4","epac","CPUE",2025-07-27
"795","2025-07-01",8.7173307916626,"RAMP zone 3","epac","CPUE",2025-07-27
"796","2025-07-01",8.02610973983395,"RAMP zone 4","epac","CPUE",2025-07-27
"797","2025-07-02",8.65053090011311,"RAMP zone 3","epac","CPUE",2025-07-27
"798","2025-07-02",7.94139000797758,"RAMP zone 4","epac","CPUE",2025-07-27
"799","2025-07-03",8.59417998301255,"RAMP zone 3","epac","CPUE",2025-07-27
"800","2025-07-03",7.91224321412797,"RAMP zone 4","epac","CPUE",2025-07-27
"801","2025-07-04",8.56968729631152,"RAMP zone 3","epac","CPUE",2025-07-27
"802","2025-07-04",7.93393949142524,"RAMP zone 4","epac","CPUE",2025-07-27
"803","2025-07-05",8.55023112875778,"RAMP zone 3","epac","CPUE",2025-07-27
"804","2025-07-05",7.97544330988003,"RAMP zone 4","epac","CPUE",2025-07-27
"805","2025-07-06",8.49184070207005,"RAMP zone 3","epac","CPUE",2025-07-27
"806","2025-07-06",7.99140403970164,"RAMP zone 4","epac","CPUE",2025-07-27
"807","2025-07-07",8.44591260051658,"RAMP zone 3","epac","CPUE",2025-07-27
"808","2025-07-07",8.01142134386666,"RAMP zone 4","epac","CPUE",2025-07-27
"809","2025-07-08",8.39416492236561,"RAMP zone 3","epac","CPUE",2025-07-27
"810","2025-07-08",8.02761084990842,"RAMP zone 4","epac","CPUE",2025-07-27
"811","2025-07-09",8.34284080469678,"RAMP zone 3","epac","CPUE",2025-07-27
"812","2025-07-09",8.01294851254444,"RAMP zone 4","epac","CPUE",2025-07-27
"813","2025-07-10",8.29817424368027,"RAMP zone 3","epac","CPUE",2025-07-27
"814","2025-07-10",8.02043780429023,"RAMP zone 4","epac","CPUE",2025-07-27
"815","2025-07-11",8.26966555693815,"RAMP zone 3","epac","CPUE",2025-07-27
"816","2025-07-11",8.04434779639147,"RAMP zone 4","epac","CPUE",2025-07-27
"817","2025-07-12",8.20921900799108,"RAMP zone 3","epac","CPUE",2025-07-27
"818","2025-07-12",8.04472452499428,"RAMP zone 4","epac","CPUE",2025-07-27
"819","2025-07-13",8.11430463272818,"RAMP zone 3","epac","CPUE",2025-07-27
"820","2025-07-13",7.99452343704749,"RAMP zone 4","epac","CPUE",2025-07-27
"821","2025-07-14",8.00444545436564,"RAMP zone 3","epac","CPUE",2025-07-27
"822","2025-07-14",7.93442799084041,"RAMP zone 4","epac","CPUE",2025-07-27
"823","2025-07-15",7.86406149212704,"RAMP zone 3","epac","CPUE",2025-07-27
"824","2025-07-15",7.89793402090365,"RAMP zone 4","epac","CPUE",2025-07-27
"825","2025-07-16",7.72810947418559,"RAMP zone 3","epac","CPUE",2025-07-27
"826","2025-07-16",7.83851668488006,"RAMP zone 4","epac","CPUE",2025-07-27
"827","2025-07-17",7.59598381730706,"RAMP zone 3","epac","CPUE",2025-07-27
"828","2025-07-17",7.77787316940269,"RAMP zone 4","epac","CPUE",2025-07-27
"829","2025-07-18",7.44268710993577,"RAMP zone 3","epac","CPUE",2025-07-27
"830","2025-07-18",7.69963244917441,"RAMP zone 4","epac","CPUE",2025-07-27
"831","2025-07-19",7.33922647207239,"RAMP zone 3","epac","CPUE",2025-07-27
"832","2025-07-19",7.63032329252788,"RAMP zone 4","epac","CPUE",2025-07-27
"833","2025-07-20",7.25474062332407,"RAMP zone 3","epac","CPUE",2025-07-27
"834","2025-07-20",7.57814278724242,"RAMP zone 4","epac","CPUE",2025-07-27
"835","2025-07-21",7.17896254031464,"RAMP zone 3","epac","CPUE",2025-07-27
"836","2025-07-21",7.51267408984048,"RAMP zone 4","epac","CPUE",2025-07-27
"837","2025-07-22",7.10759521310413,"RAMP zone 3","epac","CPUE",2025-07-27
"838","2025-07-22",7.42771186722176,"RAMP zone 4","epac","CPUE",2025-07-27
"839","2025-07-23",7.02799094563653,"RAMP zone 3","epac","CPUE",2025-07-29
"840","2025-07-23",7.32535664487858,"RAMP zone 4","epac","CPUE",2025-07-29
"841","2025-07-24",6.94362738182725,"RAMP zone 3","epac","CPUE",2025-07-29
"842","2025-07-24",7.23101994425667,"RAMP zone 4","epac","CPUE",2025-07-29
"843","2025-07-25",6.87104452713284,"RAMP zone 3","epac","CPUE",2025-07-29
"844","2025-07-25",7.16237349926817,"RAMP zone 4","epac","CPUE",2025-07-29
"845","2025-07-26",6.82549091497826,"RAMP zone 3","epac","CPUE",2025-07-29
"846","2025-07-26",7.13261279450083,"RAMP zone 4","epac","CPUE",2025-07-29
"847","2025-07-27",6.78660318688598,"RAMP zone 3","epac","CPUE",2025-08-05
"848","2025-07-27",7.11658145188905,"RAMP zone 4","epac","CPUE",2025-08-05
"849","2025-07-28",6.72540554399927,"RAMP zone 3","epac","CPUE",2025-08-05
"850","2025-07-28",7.08900434484287,"RAMP zone 4","epac","CPUE",2025-08-05
"851","2025-07-29",6.6896892461146,"RAMP zone 3","epac","CPUE",2025-08-05
"852","2025-07-29",7.08206056976805,"RAMP zone 4","epac","CPUE",2025-08-05
"853","2025-07-30",6.69249638464562,"RAMP zone 3","epac","CPUE",2025-08-05
"854","2025-07-30",7.1050206365634,"RAMP zone 4","epac","CPUE",2025-08-05
"855","2025-07-31",6.71976854522214,"RAMP zone 3","epac","CPUE",2025-08-05
"856","2025-07-31",7.16897189243488,"RAMP zone 4","epac","CPUE",2025-08-05
"857","2025-08-01",6.75635062842522,"RAMP zone 3","epac","CPUE",2025-08-05
"858","2025-08-01",7.22539969082085,"RAMP zone 4","epac","CPUE",2025-08-05
"859","2025-08-02",6.82123168090055,"RAMP zone 3","epac","CPUE",2025-08-05
"860","2025-08-02",7.26666253209114,"RAMP zone 4","epac","CPUE",2025-08-05
"861","2025-08-03",6.85716297490479,"RAMP zone 3","epac","CPUE",2025-08-05
"862","2025-08-03",7.28364021273292,"RAMP zone 4","epac","CPUE",2025-08-05
"863","2025-08-04",6.8313463275689,"RAMP zone 3","epac","CPUE",2026-01-15
"864","2025-08-04",7.25539676911977,"RAMP zone 4","epac","CPUE",2026-01-15
"865","2025-08-05",6.80178836863055,"RAMP zone 3","epac","CPUE",2026-01-15
"866","2025-08-05",7.22504159275975,"RAMP zone 4","epac","CPUE",2026-01-15
"867","2025-08-06",6.78024421368054,"RAMP zone 3","epac","CPUE",2026-01-15
"868","2025-08-06",7.1882327434968,"RAMP zone 4","epac","CPUE",2026-01-15
"869","2025-08-07",6.78688858128911,"RAMP zone 3","epac","CPUE",2026-01-15
"870","2025-08-07",7.17476784434854,"RAMP zone 4","epac","CPUE",2026-01-15
"871","2025-08-08",6.81169526071049,"RAMP zone 3","epac","CPUE",2026-01-15
"872","2025-08-08",7.18971105248344,"RAMP zone 4","epac","CPUE",2026-01-15
"873","2025-08-09",6.84204959351743,"RAMP zone 3","epac","CPUE",2026-01-15
"874","2025-08-09",7.21558220064153,"RAMP zone 4","epac","CPUE",2026-01-15
"875","2025-08-10",6.84194204180913,"RAMP zone 3","epac","CPUE",2026-01-15
"876","2025-08-10",7.20423418757867,"RAMP zone 4","epac","CPUE",2026-01-15
"877","2025-08-11",6.85692522241626,"RAMP zone 3","epac","CPUE",2026-01-15
"878","2025-08-11",7.16540856434374,"RAMP zone 4","epac","CPUE",2026-01-15
"879","2025-08-12",6.89543210663075,"RAMP zone 3","epac","CPUE",2026-01-15
"880","2025-08-12",7.180908946845,"RAMP zone 4","epac","CPUE",2026-01-15
"881","2025-08-13",6.95039542339915,"RAMP zone 3","epac","CPUE",2026-01-15
"882","2025-08-13",7.2299247980726,"RAMP zone 4","epac","CPUE",2026-01-15
"883","2025-08-14",7.01201401222064,"RAMP zone 3","epac","CPUE",2026-01-15
"884","2025-08-14",7.25977372101375,"RAMP zone 4","epac","CPUE",2026-01-15
"885","2025-08-15",7.06976742193449,"RAMP zone 3","epac","CPUE",2026-01-15
"886","2025-08-15",7.25947463877347,"RAMP zone 4","epac","CPUE",2026-01-15
"887","2025-08-16",7.10057013516509,"RAMP zone 3","epac","CPUE",2026-01-15
"888","2025-08-16",7.25946498987626,"RAMP zone 4","epac","CPUE",2026-01-15
"889","2025-08-17",7.16372485354889,"RAMP zone 3","epac","CPUE",2026-01-15
"890","2025-08-17",7.27487665390482,"RAMP zone 4","epac","CPUE",2026-01-15
"891","2025-08-18",7.25021655563005,"RAMP zone 3","epac","CPUE",2026-01-15
"892","2025-08-18",7.32161220433761,"RAMP zone 4","epac","CPUE",2026-01-15
"893","2025-08-19",7.30580209862701,"RAMP zone 3","epac","CPUE",2026-01-15
"894","2025-08-19",7.33662560132085,"RAMP zone 4","epac","CPUE",2026-01-15
"895","2025-08-20",7.30884278210443,"RAMP zone 3","epac","CPUE",2026-01-15
"896","2025-08-20",7.33415332570368,"RAMP zone 4","epac","CPUE",2026-01-15
"897","2025-08-21",7.26862622260354,"RAMP zone 3","epac","CPUE",2026-01-15
"898","2025-08-21",7.33094585087835,"RAMP zone 4","epac","CPUE",2026-01-15
"899","2025-08-22",7.24145216035635,"RAMP zone 3","epac","CPUE",2026-01-15
"900","2025-08-22",7.36167727879115,"RAMP zone 4","epac","CPUE",2026-01-15
"901","2025-08-23",7.25148788726954,"RAMP zone 3","epac","CPUE",2026-01-15
"902","2025-08-23",7.42823574445686,"RAMP zone 4","epac","CPUE",2026-01-15
"903","2025-08-24",7.31469569615153,"RAMP zone 3","epac","CPUE",2026-01-15
"904","2025-08-24",7.52663001770876,"RAMP zone 4","epac","CPUE",2026-01-15
"905","2025-08-25",7.40600030087368,"RAMP zone 3","epac","CPUE",2026-01-15
"906","2025-08-25",7.6838016305651,"RAMP zone 4","epac","CPUE",2026-01-15
"907","2025-08-26",7.49776645113043,"RAMP zone 3","epac","CPUE",2026-01-15
"908","2025-08-26",7.83683852078963,"RAMP zone 4","epac","CPUE",2026-01-15
"909","2025-08-27",7.54145644951698,"RAMP zone 3","epac","CPUE",2026-01-15
"910","2025-08-27",7.88548836708069,"RAMP zone 4","epac","CPUE",2026-01-15
"911","2025-08-28",7.61294060815559,"RAMP zone 3","epac","CPUE",2026-01-15
"912","2025-08-28",7.92145858638141,"RAMP zone 4","epac","CPUE",2026-01-15
"913","2025-08-29",7.65131870163388,"RAMP zone 3","epac","CPUE",2026-01-15
"914","2025-08-29",7.95456549342798,"RAMP zone 4","epac","CPUE",2026-01-15
"915","2025-08-30",7.68166235366533,"RAMP zone 3","epac","CPUE",2026-01-15
"916","2025-08-30",7.97794281511891,"RAMP zone 4","epac","CPUE",2026-01-15
"917","2025-08-31",7.6763702901906,"RAMP zone 3","epac","CPUE",2026-01-15
"918","2025-08-31",7.97626726530036,"RAMP zone 4","epac","CPUE",2026-01-15
